,date,region,hosp_dd_pred,icu_pred
1,01/03/2020,ARA,8,0
2,02/03/2020,ARA,11,1
3,03/03/2020,ARA,4,1
4,04/03/2020,ARA,10,2
5,05/03/2020,ARA,14,1
6,06/03/2020,ARA,16,2
7,07/03/2020,ARA,10,0
8,08/03/2020,ARA,7,2
9,09/03/2020,ARA,17,0
10,10/03/2020,ARA,18,2
11,11/03/2020,ARA,30,3
12,12/03/2020,ARA,26,3
13,13/03/2020,ARA,46,7
14,14/03/2020,ARA,26,6
15,15/03/2020,ARA,44,11
16,16/03/2020,ARA,110,23
17,17/03/2020,ARA,86,17
18,18/03/2020,ARA,213,14
19,19/03/2020,ARA,137,20
20,20/03/2020,ARA,185,21
21,21/03/2020,ARA,152,32
22,22/03/2020,ARA,189,46
23,23/03/2020,ARA,261,53
24,24/03/2020,ARA,259,60
25,25/03/2020,ARA,328,80
26,26/03/2020,ARA,363,82
27,27/03/2020,ARA,404,80
28,28/03/2020,ARA,265,68
29,29/03/2020,ARA,255,65
30,30/03/2020,ARA,359,82
31,31/03/2020,ARA,319.028615,65
32,01/04/2020,ARA,243.0450877,57
33,02/04/2020,ARA,291.0272293,39
34,03/04/2020,ARA,262.049004,61.03042394
35,04/04/2020,ARA,197.0716624,37.04482132
36,05/04/2020,ARA,160,32
37,06/04/2020,ARA,228.1063036,36.06466098
38,07/04/2020,ARA,203.1640036,32.02976744
39,08/04/2020,ARA,177.1643301,34.06331471
40,09/04/2020,ARA,209.1957295,27.04011887
41,10/04/2020,ARA,212.2182703,32.03193613
42,11/04/2020,ARA,110.0533592,18.02180497
43,12/04/2020,ARA,95.01454824,16.02165088
44,13/04/2020,ARA,116.2600654,12.05402972
45,14/04/2020,ARA,166.3581124,24.07832168
46,15/04/2020,ARA,170.6330882,26.08484848
47,16/04/2020,ARA,136.2932958,25.12425447
48,17/04/2020,ARA,147.4688116,15.045
49,18/04/2020,ARA,97.14129643,14.03395998
50,19/04/2020,ARA,57.09616564,11.04477612
51,20/04/2020,ARA,129.7011527,20.19004525
52,21/04/2020,ARA,114.7617156,10.10328638
53,22/04/2020,ARA,99.68422527,8.056153486
54,23/04/2020,ARA,101.7233321,11.13770656
55,24/04/2020,ARA,88.77192982,6.066532258
56,25/04/2020,ARA,52.35538199,5.048869884
57,26/04/2020,ARA,45.30522584,7.066848568
58,27/04/2020,ARA,73.12457402,7.124543796
59,28/04/2020,ARA,85.69091408,11.27775131
60,29/04/2020,ARA,59.56353591,9.236051502
61,30/04/2020,ARA,71.95229852,12.45585216
62,01/05/2020,ARA,51.82188197,5.180785124
63,02/05/2020,ARA,39.22181909,7.254545455
64,03/05/2020,ARA,45.79505976,6.29787234
65,04/05/2020,ARA,47.42575849,3.256934307
66,05/05/2020,ARA,50.31137184,8.985386221
67,06/05/2020,ARA,35.4517519,7.177320734
68,07/05/2020,ARA,46.50567211,1.598418972
70,01/03/2020,BFC,2,0
71,02/03/2020,BFC,3,0
72,03/03/2020,BFC,2,0
73,04/03/2020,BFC,4,0
74,05/03/2020,BFC,7,2
75,06/03/2020,BFC,13,0
76,07/03/2020,BFC,5,0
77,08/03/2020,BFC,6,1
78,09/03/2020,BFC,13,2
79,10/03/2020,BFC,19,2
80,11/03/2020,BFC,14,2
81,12/03/2020,BFC,18,3
82,13/03/2020,BFC,24,0
83,14/03/2020,BFC,17,6
84,15/03/2020,BFC,24,2
85,16/03/2020,BFC,104,21
86,17/03/2020,BFC,53,19
87,18/03/2020,BFC,77,12
88,19/03/2020,BFC,68,10
89,20/03/2020,BFC,92,19
90,21/03/2020,BFC,114,23
91,22/03/2020,BFC,81,7
92,23/03/2020,BFC,156,30
93,24/03/2020,BFC,126,25
94,25/03/2020,BFC,152,32
95,26/03/2020,BFC,144,26
96,27/03/2020,BFC,184,34
97,28/03/2020,BFC,161,33
98,29/03/2020,BFC,122,32
99,30/03/2020,BFC,147,28
100,31/03/2020,BFC,152.0136347,29
101,01/04/2020,BFC,115.0213378,20
102,02/04/2020,BFC,116.0108543,20
103,03/04/2020,BFC,141.0263724,26.01296758
104,04/04/2020,BFC,89.03237541,17.02059358
105,05/04/2020,BFC,69,10
106,06/04/2020,BFC,110.0512868,17.03053435
107,07/04/2020,BFC,89.07190305,11.01023256
108,08/04/2020,BFC,88.08170086,9.016759777
109,09/04/2020,BFC,86.08053943,10.01485884
110,10/04/2020,BFC,109.1122239,12.01197605
111,11/04/2020,BFC,64.03104536,7.008479709
112,12/04/2020,BFC,54.00826953,9.01217862
113,13/04/2020,BFC,71.15917795,11.04952724
114,14/04/2020,BFC,64.13806742,14.04568765
115,15/04/2020,BFC,65.24206312,13.04242424
116,16/04/2020,BFC,91.19624941,13.06461233
117,17/04/2020,BFC,61.19454085,8.024
118,18/04/2020,BFC,35.05098325,9.021831413
119,19/04/2020,BFC,34.05736196,7.028493894
120,20/04/2020,BFC,47.25545872,8.0760181
121,21/04/2020,BFC,40.26726862,8.082629108
122,22/04/2020,BFC,45.31101149,6.042115115
123,23/04/2020,BFC,52.37240859,3.037556335
124,24/04/2020,BFC,54.47368421,6.066532258
125,25/04/2020,BFC,27.18452526,4.039095907
126,26/04/2020,BFC,5.033913982,3.028649386
127,27/04/2020,BFC,30.46857251,2.035583942
128,28/04/2020,BFC,28.56363803,2.050500238
129,29/04/2020,BFC,31.83568299,9.236051502
130,30/04/2020,BFC,29.80880939,1.03798768
131,01/05/2020,BFC,16.58300223,2.07231405
132,02/05/2020,BFC,12.38583761,2.072727273
133,03/05/2020,BFC,13.53035857,2.09929078
134,04/05/2020,BFC,22.6350211,3.256934307
135,05/05/2020,BFC,21.24257922,1.123173278
136,06/05/2020,BFC,26.89443248,4.784880489
137,07/05/2020,BFC,14.94825175,4.795256917
139,01/03/2020,BRE,5,0
140,02/03/2020,BRE,1,0
141,03/03/2020,BRE,6,0
142,04/03/2020,BRE,7,2
143,05/03/2020,BRE,5,2
144,06/03/2020,BRE,7,0
145,07/03/2020,BRE,4,0
146,08/03/2020,BRE,4,1
147,09/03/2020,BRE,7,2
148,10/03/2020,BRE,8,4
149,11/03/2020,BRE,8,1
150,12/03/2020,BRE,13,3
151,13/03/2020,BRE,11,4
152,14/03/2020,BRE,7,1
153,15/03/2020,BRE,23,4
154,16/03/2020,BRE,12,4
155,17/03/2020,BRE,12,3
156,18/03/2020,BRE,21,5
157,19/03/2020,BRE,24,5
158,20/03/2020,BRE,22,8
159,21/03/2020,BRE,28,7
160,22/03/2020,BRE,18,2
161,23/03/2020,BRE,45,9
162,24/03/2020,BRE,30,4
163,25/03/2020,BRE,60,9
164,26/03/2020,BRE,45,9
165,27/03/2020,BRE,38,11
166,28/03/2020,BRE,45,8
167,29/03/2020,BRE,35,9
168,30/03/2020,BRE,37,6
169,31/03/2020,BRE,40.00358809,12
170,01/04/2020,BRE,49.00909175,7
171,02/04/2020,BRE,33.00308786,8
172,03/04/2020,BRE,38.00710745,6.002992519
173,04/04/2020,BRE,28.01018552,4.004845548
174,05/04/2020,BRE,25,2
175,06/04/2020,BRE,28.01305483,4.007184553
176,07/04/2020,BRE,32.02585278,4.00372093
177,08/04/2020,BRE,48.04456411,7.013035382
178,09/04/2020,BRE,43.04026971,1.001485884
179,10/04/2020,BRE,37.03809435,3.002994012
180,11/04/2020,BRE,37.0179481,3.003634161
181,12/04/2020,BRE,27.00413476,5.0067659
182,13/04/2020,BRE,9.020177487,3.013507429
183,14/04/2020,BRE,26.05608989,2.006526807
184,15/04/2020,BRE,24.08937715,3.00979021
185,16/04/2020,BRE,22.04744491,4.019880716
186,17/04/2020,BRE,17.0542163,2.006
187,18/04/2020,BRE,16.02330663,0
188,19/04/2020,BRE,12.0202454,2.008141113
189,20/04/2020,BRE,18.09783525,1.009502262
190,21/04/2020,BRE,20.13363431,1.010328638
191,22/04/2020,BRE,17.11749323,1.007019186
192,23/04/2020,BRE,16.11458726,1.012518778
193,24/04/2020,BRE,10.0877193,1.01108871
194,25/04/2020,BRE,3.020502807,0
195,26/04/2020,BRE,4.027131185,1.009549795
196,27/04/2020,BRE,13.20304809,0
197,28/04/2020,BRE,8.161039436,3.075750357
198,29/04/2020,BRE,16.43132025,0
199,30/04/2020,BRE,12.33467975,2.075975359
200,01/05/2020,BRE,3.109312918,1.036157025
201,02/05/2020,BRE,10.32153134,0
202,03/05/2020,BRE,5.203984064,0
203,04/05/2020,BRE,2.155716295,1.085644769
204,05/05/2020,BRE,5.590152427,0
205,06/05/2020,BRE,4.889896814,1.196220122
206,07/05/2020,BRE,9.965501166,3.196837945
208,01/03/2020,GES,7,1
209,02/03/2020,GES,14,3
210,03/03/2020,GES,10,1
211,04/03/2020,GES,34,9
212,05/03/2020,GES,34,3
213,06/03/2020,GES,43,7
214,07/03/2020,GES,44,6
215,08/03/2020,GES,35,9
216,09/03/2020,GES,47,8
217,10/03/2020,GES,54,12
218,11/03/2020,GES,78,14
219,12/03/2020,GES,72,13
220,13/03/2020,GES,120,18
221,14/03/2020,GES,120,7
222,15/03/2020,GES,211,43
223,16/03/2020,GES,318,76
224,17/03/2020,GES,274,47
225,18/03/2020,GES,312,58
226,19/03/2020,GES,381,85
227,20/03/2020,GES,422,82
228,21/03/2020,GES,354,59
229,22/03/2020,GES,353,70
230,23/03/2020,GES,587,116
231,24/03/2020,GES,512,107
232,25/03/2020,GES,561,100
233,26/03/2020,GES,533,120
234,27/03/2020,GES,576,102
235,28/03/2020,GES,469,98
236,29/03/2020,GES,325,91
237,30/03/2020,GES,503,100
238,31/03/2020,GES,497.044582,89
239,01/04/2020,GES,426.0790426,78
240,02/04/2020,GES,421.0393937,74
241,03/04/2020,GES,468.0875339,75.03740648
242,04/04/2020,GES,327.1189523,47.05693519
243,05/04/2020,GES,183,39
244,06/04/2020,GES,356.1659828,64.11495285
245,07/04/2020,GES,277.2237882,36.03348837
246,08/04/2020,GES,303.2813109,32.05959032
247,09/04/2020,GES,312.2921895,31.04606241
248,10/04/2020,GES,209.2151816,30.02994012
249,11/04/2020,GES,204.0989571,19.02301635
250,12/04/2020,GES,152.0232772,35.0473613
251,13/04/2020,GES,136.3049043,20.09004953
252,14/04/2020,GES,233.5026517,26.08484848
253,15/04/2020,GES,190.7075691,22.07179487
254,16/04/2020,GES,174.3752461,33.1640159
255,17/04/2020,GES,196.6250821,21.063
256,18/04/2020,GES,120.1747997,15.03638569
257,19/04/2020,GES,103.173773,7.028493894
258,20/04/2020,GES,159.8642114,28.26606335
259,21/04/2020,GES,163.0824379,20.20657277
260,22/04/2020,GES,140.9675913,20.14038372
261,23/04/2020,GES,122.8737279,17.21281923
262,24/04/2020,GES,138.2017544,18.19959677
263,25/04/2020,GES,97.66292409,10.09773977
264,26/04/2020,GES,52.35270541,11.10504775
265,27/04/2020,GES,115.7805755,17.3024635
266,28/04/2020,GES,118.3350718,8.202000953
267,29/04/2020,GES,95.50704896,13.34096328
268,30/04/2020,GES,103.8168879,12.45585216
269,01/05/2020,GES,59.07694544,8.289256198
270,02/05/2020,GES,69.15425998,16.58181818
271,03/05/2020,GES,45.79505976,10.4964539
272,04/05/2020,GES,67.90506329,10.85644769
273,05/05/2020,GES,74.90804252,11.23173278
274,06/05/2020,GES,73.34845221,4.784880489
275,07/05/2020,GES,58.13209013,9.590513834
277,01/03/2020,HDF,6,1
278,02/03/2020,HDF,10,6
279,03/03/2020,HDF,10,3
280,04/03/2020,HDF,15,6
281,05/03/2020,HDF,11,9
282,06/03/2020,HDF,10,2
283,07/03/2020,HDF,10,5
284,08/03/2020,HDF,7,2
285,09/03/2020,HDF,23,10
286,10/03/2020,HDF,27,5
287,11/03/2020,HDF,30,8
288,12/03/2020,HDF,21,7
289,13/03/2020,HDF,47,7
290,14/03/2020,HDF,37,9
291,15/03/2020,HDF,47,11
292,16/03/2020,HDF,117,19
293,17/03/2020,HDF,99,22
294,18/03/2020,HDF,82,19
295,19/03/2020,HDF,130,34
296,20/03/2020,HDF,161,41
297,21/03/2020,HDF,128,26
298,22/03/2020,HDF,118,30
299,23/03/2020,HDF,195,42
300,24/03/2020,HDF,211,48
301,25/03/2020,HDF,203,51
302,26/03/2020,HDF,228,65
303,27/03/2020,HDF,273,62
304,28/03/2020,HDF,213,50
305,29/03/2020,HDF,170,54
306,30/03/2020,HDF,257,49
307,31/03/2020,HDF,247.0221564,45
308,01/04/2020,HDF,248.0460154,59
309,02/04/2020,HDF,235.0219893,41
310,03/04/2020,HDF,291.0544281,43.02144638
311,04/04/2020,HDF,177.064387,34.04118716
312,05/04/2020,HDF,132,28
313,06/04/2020,HDF,219.1021074,29.05208801
314,07/04/2020,HDF,209.168851,28.02604651
315,08/04/2020,HDF,182.1689722,35.06517691
316,09/04/2020,HDF,183.1713804,29.04309064
317,10/04/2020,HDF,185.1904717,14.01397206
318,11/04/2020,HDF,123.0596653,18.02180497
319,12/04/2020,HDF,108.0165391,13.01759134
320,13/04/2020,HDF,83.18608127,11.04952724
321,14/04/2020,HDF,143.3084944,20.06526807
322,15/04/2020,HDF,163.6070198,24.07832168
323,16/04/2020,HDF,140.3019222,17.08449304
324,17/04/2020,HDF,124.3954601,12.036
325,18/04/2020,HDF,103.1500364,17.04123711
326,19/04/2020,HDF,61.10291411,9.036635007
327,20/04/2020,HDF,107.5815762,14.13303167
328,21/04/2020,HDF,107.7149436,16.16525822
329,22/04/2020,HDF,84.58055478,14.0982686
330,23/04/2020,HDF,85.60874482,10.12518778
331,24/04/2020,HDF,70.61403509,12.13306452
332,25/04/2020,HDF,49.33487918,10.09773977
333,26/04/2020,HDF,42.28487745,7.066848568
334,27/04/2020,HDF,62.96838319,6.106751825
335,28/04/2020,HDF,59.16753591,5.126250596
336,29/04/2020,HDF,60.59049343,14.36719123
337,30/04/2020,HDF,66.81284862,11.41786448
338,01/05/2020,HDF,34.2024421,4.144628099
339,02/05/2020,HDF,33.02890029,2.072727273
340,03/05/2020,HDF,26.01992032,1.04964539
341,04/05/2020,HDF,49.58147478,6.513868613
342,05/05/2020,HDF,61.49167669,14.60125261
343,06/05/2020,HDF,41.56412292,7.177320734
344,07/05/2020,HDF,36.54017094,4.795256917
346,01/03/2020,IDF,5,2
347,02/03/2020,IDF,11,1
348,03/03/2020,IDF,10,1
349,04/03/2020,IDF,20,3
350,05/03/2020,IDF,10,4
351,06/03/2020,IDF,31,6
352,07/03/2020,IDF,13,3
353,08/03/2020,IDF,20,8
354,09/03/2020,IDF,45,15
355,10/03/2020,IDF,60,12
356,11/03/2020,IDF,67,13
357,12/03/2020,IDF,100,24
358,13/03/2020,IDF,105,14
359,14/03/2020,IDF,299,73
360,15/03/2020,IDF,246,68
361,16/03/2020,IDF,281,73
362,17/03/2020,IDF,439,112
363,18/03/2020,IDF,498,94
364,19/03/2020,IDF,581,156
365,20/03/2020,IDF,769,177
366,21/03/2020,IDF,635,150
367,22/03/2020,IDF,697,175
368,23/03/2020,IDF,1017,253
369,24/03/2020,IDF,1076,234
370,25/03/2020,IDF,1217,247
371,26/03/2020,IDF,1228,275
372,27/03/2020,IDF,1396,272
373,28/03/2020,IDF,1092,223
374,29/03/2020,IDF,1015,200
375,30/03/2020,IDF,1286,264
376,31/03/2020,IDF,1305.117061,282
377,01/04/2020,IDF,1292.239725,286
378,02/04/2020,IDF,1075.10059,230
379,03/04/2020,IDF,1045.195455,212.1057357
380,04/04/2020,IDF,851.3095671,170.2059358
381,05/04/2020,IDF,586,145
382,06/04/2020,IDF,942.4392018,191.3430624
383,07/04/2020,IDF,898.7254937,173.1609302
384,08/04/2020,IDF,826.766874,131.2439479
385,09/04/2020,IDF,769.7201723,130.1931649
386,10/04/2020,IDF,799.822632,133.1327345
387,11/04/2020,IDF,611.2963861,99.11992732
388,12/04/2020,IDF,470.0719755,94.12719892
389,13/04/2020,IDF,455.0178421,102.4592526
390,14/04/2020,IDF,577.2426067,109.355711
391,15/04/2020,IDF,520.9327809,81.26433566
392,16/04/2020,IDF,545.1731833,89.44234592
393,17/04/2020,IDF,504.6041647,73.219
394,18/04/2020,IDF,321.4675892,70.16979988
395,19/04/2020,IDF,253.4268405,48.1953867
396,20/04/2020,IDF,366.9838815,82.77918552
397,21/04/2020,IDF,391.5991874,48.49577465
398,22/04/2020,IDF,301.0664986,59.41413196
399,23/04/2020,IDF,355.5280814,54.67601402
400,24/04/2020,IDF,300.6140351,59.65423387
401,25/04/2020,IDF,173.1754943,26.2541234
402,26/04/2020,IDF,144.9767227,28.26739427
403,27/04/2020,IDF,248.8266755,37.65830292
404,28/04/2020,IDF,249.9318327,32.80800381
405,29/04/2020,IDF,211.5532482,31.81306629
406,30/04/2020,IDF,197.3548759,32.17761807
407,01/05/2020,IDF,130.5911426,19.68698347
408,02/05/2020,IDF,110.4403853,25.90909091
409,03/05/2020,IDF,98.87569721,22.04255319
410,04/05/2020,IDF,140.1215592,33.65498783
411,05/05/2020,IDF,154.288207,31.44885177
412,06/05/2020,IDF,161.3665949,21.5319622
413,07/05/2020,IDF,117.9250971,31.96837945
484,01/03/2020,OCC,3,0
485,02/03/2020,OCC,4,0
486,03/03/2020,OCC,3,1
487,04/03/2020,OCC,3,0
488,05/03/2020,OCC,1,0
489,06/03/2020,OCC,5,1
490,07/03/2020,OCC,6,0
491,08/03/2020,OCC,2,1
492,09/03/2020,OCC,12,3
493,10/03/2020,OCC,8,2
494,11/03/2020,OCC,11,3
495,12/03/2020,OCC,10,3
496,13/03/2020,OCC,21,7
497,14/03/2020,OCC,19,4
498,15/03/2020,OCC,22,6
499,16/03/2020,OCC,39,11
500,17/03/2020,OCC,34,11
501,18/03/2020,OCC,47,10
502,19/03/2020,OCC,67,22
503,20/03/2020,OCC,63,14
504,21/03/2020,OCC,58,19
505,22/03/2020,OCC,59,18
506,23/03/2020,OCC,124,40
507,24/03/2020,OCC,130,30
508,25/03/2020,OCC,112,40
509,26/03/2020,OCC,130,30
510,27/03/2020,OCC,145,41
511,28/03/2020,OCC,122,35
512,29/03/2020,OCC,87,24
513,30/03/2020,OCC,140,32
514,31/03/2020,OCC,109.0097775,37
515,01/04/2020,OCC,113.0209667,28
516,02/04/2020,OCC,97.00907645,26
517,03/04/2020,OCC,67.01253156,17.0084788
518,04/04/2020,OCC,72.02619134,13.01574803
519,05/04/2020,OCC,46,4
520,06/04/2020,OCC,97.04522566,19.03412663
521,07/04/2020,OCC,53.04281867,13.01209302
522,08/04/2020,OCC,62.05756197,9.016759777
523,09/04/2020,OCC,70.06555535,22.03268945
524,10/04/2020,OCC,69.07104081,8.007984032
525,11/04/2020,OCC,46.02231385,5.006056935
526,12/04/2020,OCC,51.00781011,12.01623816
527,13/04/2020,OCC,40.08967772,10.04502476
528,14/04/2020,OCC,42.09060674,8.026107226
529,15/04/2020,OCC,42.15641002,9.029370629
530,16/04/2020,OCC,39.08410689,10.04970179
531,17/04/2020,OCC,57.18178407,7.021
532,18/04/2020,OCC,29.04224326,10.02425713
533,19/04/2020,OCC,31.05230061,6.024423338
534,20/04/2020,OCC,25.1358823,4.03800905
535,21/04/2020,OCC,29.19376975,3.030985915
536,22/04/2020,OCC,28.19351826,7.0491343
537,23/04/2020,OCC,26.1862043,2.025037556
538,24/04/2020,OCC,31.27192982,3.033266129
539,25/04/2020,OCC,14.09567977,1.009773977
540,26/04/2020,OCC,18.12209033,3.028649386
541,27/04/2020,OCC,27.42171526,7.124543796
542,28/04/2020,OCC,14.28181901,2.050500238
543,29/04/2020,OCC,12.32349019,6.157367668
544,30/04/2020,OCC,25.69724947,5.189938398
545,01/05/2020,OCC,10.36437639,1.036157025
546,02/05/2020,OCC,16.51445014,1.036363636
547,03/05/2020,OCC,4.163187251,1.04964539
548,04/05/2020,OCC,5.389290737,1.085644769
549,05/05/2020,OCC,14.53439631,1.123173278
550,06/05/2020,OCC,23.22700987,3.588660367
551,07/05/2020,OCC,6.643667444,0
553,01/03/2020,PAC,2,0
554,02/03/2020,PAC,3,0
555,03/03/2020,PAC,6,1
556,04/03/2020,PAC,6,0
557,05/03/2020,PAC,7,0
558,06/03/2020,PAC,4,0
559,07/03/2020,PAC,16,0
560,08/03/2020,PAC,17,2
561,09/03/2020,PAC,19,2
562,10/03/2020,PAC,15,1
563,11/03/2020,PAC,30,2
564,12/03/2020,PAC,56,3
565,13/03/2020,PAC,58,7
566,14/03/2020,PAC,42,4
567,15/03/2020,PAC,46,5
568,16/03/2020,PAC,43,3
569,17/03/2020,PAC,68,12
570,18/03/2020,PAC,69,14
571,19/03/2020,PAC,92,16
572,20/03/2020,PAC,114,17
573,21/03/2020,PAC,100,20
574,22/03/2020,PAC,84,13
575,23/03/2020,PAC,178,30
576,24/03/2020,PAC,144,20
577,25/03/2020,PAC,164,31
578,26/03/2020,PAC,195,36
579,27/03/2020,PAC,209,45
580,28/03/2020,PAC,197,39
581,29/03/2020,PAC,164,30
582,30/03/2020,PAC,193,46
583,31/03/2020,PAC,168.01507,44
584,01/04/2020,PAC,201.0372947,30
585,02/04/2020,PAC,182.01703,45
586,03/04/2020,PAC,165.0308613,31.01546135
587,04/04/2020,PAC,130.0472899,24.02907329
588,05/04/2020,PAC,91,20
589,06/04/2020,PAC,123.057348,28.05029187
590,07/04/2020,PAC,179.144614,32.02976744
591,08/04/2020,PAC,109.1011977,20.03724395
592,09/04/2020,PAC,167.1563963,34.05052006
593,10/04/2020,PAC,108.1111943,18.01796407
594,11/04/2020,PAC,94.04559787,12.01453664
595,12/04/2020,PAC,182.0278714,18.02435724
596,13/04/2020,PAC,88.19729099,14.06303467
597,14/04/2020,PAC,105.2265169,20.06526807
598,15/04/2020,PAC,112.4170934,16.05221445
599,16/04/2020,PAC,112.2415377,15.07455268
600,17/04/2020,PAC,97.30935184,19.057
601,18/04/2020,PAC,62.09031318,15.03638569
602,19/04/2020,PAC,65.10966258,13.05291723
603,20/04/2020,PAC,92.50004686,8.0760181
604,21/04/2020,PAC,107.7149436,16.16525822
605,22/04/2020,PAC,77.53217521,13.09124942
606,23/04/2020,PAC,84.60158311,13.16274412
607,24/04/2020,PAC,72.63157895,12.13306452
608,25/04/2020,PAC,50.34171345,13.1270617
609,26/04/2020,PAC,46.31200863,12.11459754
610,27/04/2020,PAC,57.89028777,10.17791971
611,28/04/2020,PAC,57.12727605,12.30300143
612,29/04/2020,PAC,44.15917318,9.236051502
613,30/04/2020,PAC,46.25504905,6.227926078
614,01/05/2020,PAC,31.09312918,5.180785124
615,02/05/2020,PAC,35.09320656,6.218181818
616,03/05/2020,PAC,29.14231076,3.14893617
617,04/05/2020,PAC,33.41360257,3.256934307
618,05/05/2020,PAC,44.72121941,7.862212944
619,06/05/2020,PAC,35.4517519,4.784880489
620,07/05/2020,PAC,29.8965035,6.393675889
622,01/03/2020,NOR,0,0
623,02/03/2020,NOR,1,0
624,03/03/2020,NOR,0,0
625,04/03/2020,NOR,1,0
626,05/03/2020,NOR,0,0
627,06/03/2020,NOR,2,0
628,07/03/2020,NOR,1,0
629,08/03/2020,NOR,0,0
630,09/03/2020,NOR,4,1
631,10/03/2020,NOR,4,0
632,11/03/2020,NOR,2,0
633,12/03/2020,NOR,6,1
634,13/03/2020,NOR,5,2
635,14/03/2020,NOR,7,1
636,15/03/2020,NOR,12,1
637,16/03/2020,NOR,18,3
638,17/03/2020,NOR,24,4
639,18/03/2020,NOR,23,2
640,19/03/2020,NOR,28,6
641,20/03/2020,NOR,42,9
642,21/03/2020,NOR,31,6
643,22/03/2020,NOR,32,9
644,23/03/2020,NOR,62,16
645,24/03/2020,NOR,60,14
646,25/03/2020,NOR,70,14
647,26/03/2020,NOR,70,14
648,27/03/2020,NOR,107,22
649,28/03/2020,NOR,83,19
650,29/03/2020,NOR,53,15
651,30/03/2020,NOR,76,25
652,31/03/2020,NOR,70.00627915,16
653,01/04/2020,NOR,69.01280267,14
654,02/04/2020,NOR,61.00570787,7
655,03/04/2020,NOR,59.01103526,10.00498753
656,04/04/2020,NOR,48.01746089,7.008479709
657,05/04/2020,NOR,41,7
658,06/04/2020,NOR,55.02564342,7.012572968
659,07/04/2020,NOR,43.03473968,7.006511628
660,08/04/2020,NOR,37.0343515,7.013035382
661,09/04/2020,NOR,46.04307923,3.004457652
662,10/04/2020,NOR,36.03706477,4.003992016
663,11/04/2020,NOR,29.01406743,2.002422774
664,12/04/2020,NOR,19.00290965,5.0067659
665,13/04/2020,NOR,33.07398412,7.031517335
666,14/04/2020,NOR,27.05824719,2.006526807
667,15/04/2020,NOR,28.10427335,5.016317016
668,16/04/2020,NOR,26.05607126,3.014910537
669,17/04/2020,NOR,46.14670294,4.012
670,18/04/2020,NOR,28.0407866,8.0194057
671,19/04/2020,NOR,17.02868098,6.024423338
672,20/04/2020,NOR,17.09239996,1.009502262
673,21/04/2020,NOR,22.14699774,1.010328638
674,22/04/2020,NOR,27.18660689,4.028076743
675,23/04/2020,NOR,19.13607237,3.037556335
676,24/04/2020,NOR,13.11403509,2.022177419
677,25/04/2020,NOR,8.054674152,2.019547954
678,26/04/2020,NOR,8.054262371,2.019099591
679,27/04/2020,NOR,25.39047709,4.071167883
680,28/04/2020,NOR,14.28181901,1.025250119
681,29/04/2020,NOR,18.48523528,0
682,30/04/2020,NOR,13.36256972,1.03798768
683,01/05/2020,NOR,10.36437639,0
684,02/05/2020,NOR,12.38583761,1.036363636
685,03/05/2020,NOR,9.367171315,0
686,04/05/2020,NOR,8.62286518,0
687,05/05/2020,NOR,6.708182912,1.123173278
688,06/05/2020,NOR,2.444948407,0
689,07/05/2020,NOR,6.643667444,1.598418972
691,01/03/2020,PDL,0,0
692,02/03/2020,PDL,1,0
693,03/03/2020,PDL,2,0
694,04/03/2020,PDL,0,0
695,05/03/2020,PDL,3,0
696,06/03/2020,PDL,8,1
697,07/03/2020,PDL,3,0
698,08/03/2020,PDL,3,0
699,09/03/2020,PDL,1,1
700,10/03/2020,PDL,5,0
701,11/03/2020,PDL,9,0
702,12/03/2020,PDL,17,0
703,13/03/2020,PDL,16,0
704,14/03/2020,PDL,21,3
705,15/03/2020,PDL,8,0
706,16/03/2020,PDL,15,2
707,17/03/2020,PDL,7,1
708,18/03/2020,PDL,26,5
709,19/03/2020,PDL,18,7
710,20/03/2020,PDL,28,8
711,21/03/2020,PDL,43,5
712,22/03/2020,PDL,57,17
713,23/03/2020,PDL,52,11
714,24/03/2020,PDL,65,10
715,25/03/2020,PDL,83,15
716,26/03/2020,PDL,88,13
717,27/03/2020,PDL,94,16
718,28/03/2020,PDL,79,14
719,29/03/2020,PDL,60,16
720,30/03/2020,PDL,90,16
721,31/03/2020,PDL,74.00663796,16
722,01/04/2020,PDL,63.0116894,11
723,02/04/2020,PDL,79.00739216,11
724,03/04/2020,PDL,58.01084822,12.00598504
725,04/04/2020,PDL,65.02364496,3.003634161
726,05/04/2020,PDL,40,11
727,06/04/2020,PDL,63.02937337,13.0233498
728,07/04/2020,PDL,49.03958707,6.005581395
729,08/04/2020,PDL,53.0492062,9.016759777
730,09/04/2020,PDL,52.04869826,4.005943536
731,10/04/2020,PDL,51.05250842,4.003992016
732,11/04/2020,PDL,44.02134368,3.003634161
733,12/04/2020,PDL,30.00459418,5.0067659
734,13/04/2020,PDL,21.0470808,0
735,14/04/2020,PDL,38.08197753,5.016317016
736,15/04/2020,PDL,31.11544549,4.013053613
737,16/04/2020,PDL,29.06254102,1.004970179
738,17/04/2020,PDL,36.11481099,2.006
739,18/04/2020,PDL,22.03204661,4.00970285
740,19/04/2020,PDL,13.02193252,1.004070556
741,20/04/2020,PDL,24.13044701,1.009502262
742,21/04/2020,PDL,31.20713318,3.030985915
743,22/04/2020,PDL,20.13822733,2.014038372
744,23/04/2020,PDL,17.12174896,0
745,24/04/2020,PDL,23.20175439,1.01108871
746,25/04/2020,PDL,11.07517696,3.02932193
747,26/04/2020,PDL,9.061045167,0
748,27/04/2020,PDL,21.32800076,0
749,28/04/2020,PDL,18.36233873,3.075750357
750,29/04/2020,PDL,15.40436274,0
751,30/04/2020,PDL,22.61357953,2.075975359
752,01/05/2020,PDL,14.51012695,3.108471074
753,02/05/2020,PDL,16.51445014,4.145454545
754,03/05/2020,PDL,9.367171315,1.04964539
755,04/05/2020,PDL,14.01215592,1.085644769
756,05/05/2020,PDL,8.944243883,4.492693111
757,06/05/2020,PDL,4.889896814,1.196220122
758,07/05/2020,PDL,13.28733489,0
760,01/03/2020,CVL,0,0
761,02/03/2020,CVL,0,0
762,03/03/2020,CVL,0,0
763,04/03/2020,CVL,2,0
764,05/03/2020,CVL,1,0
765,06/03/2020,CVL,2,0
766,07/03/2020,CVL,1,0
767,08/03/2020,CVL,1,0
768,09/03/2020,CVL,2,0
769,10/03/2020,CVL,2,0
770,11/03/2020,CVL,3,0
771,12/03/2020,CVL,7,0
772,13/03/2020,CVL,7,2
773,14/03/2020,CVL,7,3
774,15/03/2020,CVL,1,0
775,16/03/2020,CVL,8,1
776,17/03/2020,CVL,13,3
777,18/03/2020,CVL,22,4
778,19/03/2020,CVL,29,7
779,20/03/2020,CVL,21,8
780,21/03/2020,CVL,32,10
781,22/03/2020,CVL,34,11
782,23/03/2020,CVL,42,15
783,24/03/2020,CVL,61,17
784,25/03/2020,CVL,59,13
785,26/03/2020,CVL,74,14
786,27/03/2020,CVL,105,21
787,28/03/2020,CVL,73,9
788,29/03/2020,CVL,58,12
789,30/03/2020,CVL,85,27
790,31/03/2020,CVL,102.0091496,21
791,01/04/2020,CVL,86.01595695,16
792,02/04/2020,CVL,85.00795359,21
793,03/04/2020,CVL,90.01683344,13.00648379
794,04/04/2020,CVL,74.02691888,11.01332526
795,05/04/2020,CVL,37,6
796,06/04/2020,CVL,67.03123834,4.007184553
797,07/04/2020,CVL,73.05897666,11.01023256
798,08/04/2020,CVL,80.07427351,13.02420857
799,09/04/2020,CVL,58.05431729,10.01485884
800,10/04/2020,CVL,74.07618869,5.00499002
801,11/04/2020,CVL,70.03395586,12.01453664
802,12/04/2020,CVL,42.00643185,4.00541272
803,13/04/2020,CVL,32.07174218,5.022512382
804,14/04/2020,CVL,67.14453933,4.013053613
805,15/04/2020,CVL,47.17503026,7.022843823
806,16/04/2020,CVL,47.10135959,10.04970179
807,17/04/2020,CVL,34.1084326,5.015
808,18/04/2020,CVL,27.03932993,3.007277138
809,19/04/2020,CVL,24.0404908,5.020352782
810,20/04/2020,CVL,51.27719989,4.03800905
811,21/04/2020,CVL,47.31404063,3.030985915
812,22/04/2020,CVL,31.21425236,6.042115115
813,23/04/2020,CVL,30.21485111,8.100150225
814,24/04/2020,CVL,31.27192982,5.055443548
815,25/04/2020,CVL,28.19135953,4.039095907
816,26/04/2020,CVL,27.1831355,1.009549795
817,27/04/2020,CVL,27.42171526,6.106751825
818,28/04/2020,CVL,33.66428767,4.101000476
819,29/04/2020,CVL,22.59306535,4.104911779
820,30/04/2020,CVL,30.83669937,6.227926078
821,01/05/2020,CVL,21.76519043,3.108471074
822,02/05/2020,CVL,14.45014388,1.036363636
823,03/05/2020,CVL,11.44876494,2.09929078
824,04/05/2020,CVL,17.24573036,2.171289538
825,05/05/2020,CVL,21.24257922,2.246346555
826,06/05/2020,CVL,8.557319424,1.196220122
827,07/05/2020,CVL,11.62641803,0
898,01/03/2020,NAQ,0,0
899,02/03/2020,NAQ,0,0
900,03/03/2020,NAQ,0,0
901,04/03/2020,NAQ,0,0
902,05/03/2020,NAQ,4,1
903,06/03/2020,NAQ,1,0
904,07/03/2020,NAQ,1,0
905,08/03/2020,NAQ,1,0
906,09/03/2020,NAQ,2,0
907,10/03/2020,NAQ,1,0
908,11/03/2020,NAQ,4,0
909,12/03/2020,NAQ,1,0
910,13/03/2020,NAQ,5,1
911,14/03/2020,NAQ,13,3
912,15/03/2020,NAQ,16,3
913,16/03/2020,NAQ,11,2
914,17/03/2020,NAQ,17,2
915,18/03/2020,NAQ,25,0
916,19/03/2020,NAQ,31,7
917,20/03/2020,NAQ,49,15
918,21/03/2020,NAQ,40,14
919,22/03/2020,NAQ,50,11
920,23/03/2020,NAQ,63,19
921,24/03/2020,NAQ,84,12
922,25/03/2020,NAQ,93,23
923,26/03/2020,NAQ,89,18
924,27/03/2020,NAQ,100,23
925,28/03/2020,NAQ,82,20
926,29/03/2020,NAQ,57,19
927,30/03/2020,NAQ,85,21
928,31/03/2020,NAQ,76.00681737,15
929,01/04/2020,NAQ,92.01707023,10
930,02/04/2020,NAQ,65.00608216,12
931,03/04/2020,NAQ,61.01140933,6.002992519
932,04/04/2020,NAQ,67.0243725,14.01695942
933,05/04/2020,NAQ,45,7
934,06/04/2020,NAQ,46.02144722,7.012572968
935,07/04/2020,NAQ,70.05655296,8.00744186
936,08/04/2020,NAQ,44.04085043,9.016759777
937,09/04/2020,NAQ,63.05899981,4.005943536
938,10/04/2020,NAQ,55.05662673,5.00499002
939,11/04/2020,NAQ,36.01746301,5.006056935
940,12/04/2020,NAQ,34.00520674,6.00811908
941,13/04/2020,NAQ,38.08519383,5.022512382
942,14/04/2020,NAQ,31.0668764,3.00979021
943,15/04/2020,NAQ,37.13778978,3.00979021
944,16/04/2020,NAQ,43.09273324,7.034791252
945,17/04/2020,NAQ,39.12437858,5.015
946,18/04/2020,NAQ,36.05243991,4.00970285
947,19/04/2020,NAQ,33.05567485,2.008141113
948,20/04/2020,NAQ,40.21741168,4.03800905
949,21/04/2020,NAQ,18.12027088,2.020657277
950,22/04/2020,NAQ,25.17278416,3.021057557
951,23/04/2020,NAQ,24.17188089,3.037556335
952,24/04/2020,NAQ,24.21052632,2.022177419
953,25/04/2020,NAQ,11.07517696,1.009773977
954,26/04/2020,NAQ,22.14922152,1.009549795
955,27/04/2020,NAQ,13.20304809,1.017791971
956,28/04/2020,NAQ,20.40259859,1.025250119
957,29/04/2020,NAQ,15.40436274,4.104911779
958,30/04/2020,NAQ,9.25100981,1.03798768
959,01/05/2020,NAQ,12.43725167,2.07231405
960,02/05/2020,NAQ,8.257225072,0
961,03/05/2020,NAQ,11.44876494,1.04964539
962,04/05/2020,NAQ,14.01215592,1.085644769
963,05/05/2020,NAQ,8.944243883,0
964,06/05/2020,NAQ,19.55958725,2.392440245
965,07/05/2020,NAQ,4.982750583,1.598418972
967,01/03/2020,COR,0,0
968,02/03/2020,COR,0,0
969,03/03/2020,COR,0,0
970,04/03/2020,COR,0,0
971,05/03/2020,COR,1,0
972,06/03/2020,COR,7,0
973,07/03/2020,COR,3,0
974,08/03/2020,COR,1,0
975,09/03/2020,COR,4,0
976,10/03/2020,COR,2,0
977,11/03/2020,COR,1,0
978,12/03/2020,COR,11,0
979,13/03/2020,COR,9,1
980,14/03/2020,COR,0,0
981,15/03/2020,COR,3,0
982,16/03/2020,COR,2,0
983,17/03/2020,COR,27,5
984,18/03/2020,COR,22,6
985,19/03/2020,COR,7,0
986,20/03/2020,COR,10,0
987,21/03/2020,COR,9,1
988,22/03/2020,COR,8,2
989,23/03/2020,COR,12,3
990,24/03/2020,COR,13,3
991,25/03/2020,COR,14,1
992,26/03/2020,COR,6,0
993,27/03/2020,COR,13,1
994,28/03/2020,COR,5,3
995,29/03/2020,COR,5,2
996,30/03/2020,COR,4,0
997,31/03/2020,COR,9.00080732,3
998,01/04/2020,COR,3.000556638,1
999,02/04/2020,COR,9.000842145,2
1000,03/04/2020,COR,5.000935191,1.000498753
1001,04/04/2020,COR,6.002182612,0
1002,05/04/2020,COR,1,1
1003,06/04/2020,COR,1.000466244,0
1004,07/04/2020,COR,3.002423698,1.000930233
1005,08/04/2020,COR,4.003713676,2.003724395
1006,09/04/2020,COR,2.00187301,1.001485884
1007,10/04/2020,COR,3.003088731,0
1008,11/04/2020,COR,5.002425418,0
1009,12/04/2020,COR,4.000612557,2.00270636
1010,13/04/2020,COR,4.008967772,1.004502476
1011,14/04/2020,COR,2.004314607,0
1012,15/04/2020,COR,5.01862024,2.006526807
1013,16/04/2020,COR,2.004313174,0
1014,17/04/2020,COR,1.003189194,1.003
1015,18/04/2020,COR,5.007283321,0
1016,19/04/2020,COR,5.008435583,2.008141113
1017,20/04/2020,COR,2.010870584,0
1018,21/04/2020,COR,3.020045147,0
1019,22/04/2020,COR,2.013822733,0
1020,23/04/2020,COR,2.014323407,0
1021,24/04/2020,COR,1.00877193,0
1022,25/04/2020,COR,1.006834269,0
1023,26/04/2020,COR,1.006782796,1.009549795
1024,27/04/2020,COR,0,0
1025,28/04/2020,COR,2.040259859,0
1026,29/04/2020,COR,4.107830063,0
1027,30/04/2020,COR,3.083669937,0
1028,01/05/2020,COR,1.036437639,0
1029,02/05/2020,COR,0,0
1030,03/05/2020,COR,0,0
1031,04/05/2020,COR,0,0
1032,05/05/2020,COR,0,0
1033,06/05/2020,COR,0,0
1034,07/05/2020,COR,0,0
